しまなみ海道,"https://www.google.co.jp/maps/@34.258601,133.057495,3a,90y,195.2h,68.67t/data=!3m4!1e1!3m2!1skA_ez_UyQ2rzbo6sytZe6w!2e0"
空,"https://www.google.co.jp/maps/place/%E3%82%BB%E3%83%AB%E3%83%93%E3%82%A2/@35.296909,25.488987,3a,75y,15.67h,121.05t/data=!3m5!1e1!3m3!1s6LOfiPYmErAAAAQYKJGoJw!2e0!3e11!4m2!3m1!1s0x47571ddff2898095:0x55e50ea3723865d"
女の子,"https://www.google.co.jp/maps/place/%E3%82%BB%E3%83%AB%E3%83%93%E3%82%A2/@34.973381,33.812057,3a,15.5y,4.78h,88.55t/data=!3m5!1e1!3m3!1s5s0BdAtMzBoAAAQZK7DyZg!2e0!3e11!4m2!3m1!1s0x47571ddff2898095:0x55e50ea3723865d"
駐車場 東京湾アクアライン,"https://www.google.co.jp/maps/@35.464526,139.873819,3a,75y,115.12h,85.11t/data=!3m4!1e1!3m2!1s4b074BV3hRZPM166ga4Eeg!2e0"
鬼押し出し園,"https://www.google.co.jp/maps/place/%E9%AC%BC%E6%8A%BC%E5%87%BA%E3%81%97%E5%9C%92/@36.444273,138.537427,3a,74.3y,25.06h,80.62t/data=!3m4!1e1!3m2!1sPPF2VPqqW3yY-bZEv5ZL7A!2e0!4m2!3m1!1s0x601dc51805b07643:0xe15968365061d63b"
,"https://www.google.co.jp/maps/@35.61573,139.783057,3a,75y,138.95h,92.53t/data=!3m4!1e1!3m2!1sb1951ENBGazpw8AX-eym-w!2e0"
謎山道,"https://www.google.co.jp/maps/@35.388366,138.718466,3a,75y,165.59h,102.99t/data=!3m5!1e1!3m3!1sRq1iBGBUnfYmqcBiCr2r-g!2e0!"
トロッコ,"https://www.google.co.jp/maps/@35.388366,138.718466,3a,75y,165.59h,102.99t/data=!3m5!1e1!3m3!1sRq1iBGBUnfYmqcBiCr2r-g!2e0!3e5"
倉庫街,"https://www.google.co.jp/maps/@35.61573,139.783057,3a,75y,138.95h,92.53t/data=!3m4!1e1!3m2!1sb1951ENBGazpw8AX-eym-w!2e0"
小道,"https://www.google.com/maps/@46.252635,10.547672,3a,75y,49.52h,97t/data=!3m5!1e1!3m3!1sVYrwG9rXrTzWV8VkBhkUVA!2e0!3e5?hl=en-US"
雪道,"https://www.google.com/maps/@46.845354,9.836617,3a,75y,84.89h,86.83t/data=!3m5!1e1!3m3!1s530oaqxvMBe4_E8lhOxr9A!2e0!3e5?hl=en-US"
トロッコ アルプス,"https://www.google.com/maps/@46.83622,9.854884,3a,75y,3.59h,33.55t/data=!3m5!1e1!3m3!1sHfxFYUWRjrFi_z2d-iLXtQ!2e0!3e5?hl=en-US"
スキーコース,"https://www.google.com/maps/@46.782158,9.848703,3a,75y,329.93h,75.54t/data=!3m5!1e1!3m3!1sYb-F65OX2xEBfXAmkNGvVA!2e0!3e5?hl=en-US"
路面電車だらけ,"https://www.google.com/maps/@49.836807,24.002751,3a,75y,266.67h,102.26t/data=!3m4!1e1!3m2!1sSsIHTfwr7CQ6wE8kQsirbA!2e0?hl=en-US"
何もない ツンドラ?,"https://www.google.com/maps/search/Stelvio+Pass+Road,+Italy/@48.258842,46.464959,3a,75y,278.98h,85.95t/data=!3m4!1e1!3m2!1sVCrp2N9b_8ITjCdZqacM4w!2e0?hl=en-US"
スカンジナビア半島の先の謎の島,"https://www.google.com/maps/@67.507927,12.073315,3a,75y,105.32h,89.64t/data=!3m4!1e1!3m2!1slYXJ0wVQDK1HuvOmaO3x2A!2e0?hl=en-US"
ノルウェーとスウェーデンの国境 道路の色違う,"https://www.google.com/maps/@62.641332,12.073292,3a,75y,96.54h,79.96t/data=!3m4!1e1!3m2!1sViSXXJ4qlofAxcF--23muA!2e0?hl=en-US"
Wi-Fi,"https://www.google.com/maps/@59.610122,-151.441708,3a,33.4y,161.66h,87.15t/data=!3m4!1e1!3m2!1sKt3I77MLac_L4t1RCiTaCg!2e0?hl=ja"
夕焼け at アイスランド,"https://www.google.co.jp/maps/@65.809564,-16.347449,3a,75y,344.3h,95.96t/data=!3m4!1e1!3m2!1sb_EyX3wOSQtiqnOCt21fww!2e0"
海と草原 at アイスランド,"https://www.google.co.jp/maps/@66.020702,-14.89438,3a,75y,34.58h,79.57t/data=!3m4!1e1!3m2!1seOKissee8ICLDFRPjfgnww!2e0"
ハゲ山と海 at アイスランド,"https://www.google.co.jp/maps/@64.290121,-15.086619,3a,75y,103.33h,95.71t/data=!3m4!1e1!3m2!1s2VuLyte2cOmauMYEbVE4lg!2e0"
橋から氷山 at アイスランド,"https://www.google.co.jp/maps/@64.045554,-16.180251,3a,75y,326.45h,86.78t/data=!3m4!1e1!3m2!1sYz0xoYXr1b4BH_TiNNdzXA!2e0"
南島 道が無い at 日本,"https://www.google.co.jp/maps/@27.038543,142.175483,3a,75y,10.64h,87t/data=!3m5!1e1!3m3!1sPNIyYWHdNbattjBzaAIjuw!2e0!3e5"
死海横,"https://www.google.co.jp/maps/@31.409269,35.383965,3a,75y,338.24h,90.7t/data=!3m4!1e1!3m2!1sw5mVl4vTtzmwPULIieYrIg!2e0"
ビーチ at ハワイ,"https://www.google.com/maps/@25.77726,-171.740613,3a,75y,25.65h,88.85t/data=!3m5!1e1!3m3!1s-ueS3gG1QyR2I9KYgvr0Yg!2e0!3e5?hl=ja"
雪山噴火 at カムチャツカ半島,"https://www.google.com/maps/place/%E3%82%AB%E3%82%B6%E3%83%95%E3%82%B9%E3%82%BF%E3%83%B3/@54.919482,159.043522,3a,75y,357.95h,78.5t/data=!3m5!1e1!3m3!1syC6fe28XUvkAAAQfCTc7Uw!2e0!3e11!4m2!3m1!1s0x38a91007ecfca947:0x5f7b842fe4b30e1b?hl=ja"
特異点広告,"https://www.google.com/maps/place/%E3%82%AB%E3%82%B6%E3%83%95%E3%82%B9%E3%82%BF%E3%83%B3/@49.841853,24.031298,3a,75y,357.45h,1t/data=!3m5!1e1!3m3!1s4Yu72PyDoJoAAAQYVfyHGQ!2e0!3e11!4m2!3m1!1s0x38a91007ecfca947:0x5f7b842fe4b30e1b?hl=ja"
特異線 at バングラデシュ,"https://www.google.co.jp/maps/@22.237023,89.198124,3a,75y,201.1h,78.79t/data=!3m4!1e1!3m2!1skU3JsxFZdoeuJqXK5aEF-A!2e0"
グリーンランド,"https://www.google.com/maps/@65.618652,-37.645608,3a,75y,324.07h,92.35t/data=!3m4!1e1!3m2!1s4ztVNV97gOjgbcyhAuxPGw!2e0?hl=ja"
流氷,"https://www.google.com/maps/@69.208072,-51.167393,3a,75y,170.67h,97.37t/data=!3m5!1e1!3m3!1sBVJv1GinqCIPRUQ50yoGBw!2e0!3e5?hl=ja"
遊歩道 in グリーンランド,"https://www.google.com/maps/@69.204651,-51.116119,3a,75y,53.38h,84.55t/data=!3m5!1e1!3m3!1sAMi8kePH26FjiRv-5gJiFg!2e0!3e5"
赤い遊歩道,"https://www.google.com/maps/place/%E3%82%AB%E3%82%B6%E3%83%95%E3%82%B9%E3%82%BF%E3%83%B3/@69.227159,-51.096429,3a,75y,270.93h,75.72t/data=!3m5!1e1!3m3!1sTy7tT8Mf4pp01E13pj8S-A!2e0!3e5!4m2!3m1!1s0x38a91007ecfca947:0x5f7b842fe4b30e1b?hl=ja"
特異点にコンテナ,"https://www.google.com/maps/@69.208898,-51.111766,3a,90y,96.06h,64.83t/data=!3m5!1e1!3m3!1sGm5CCmvtLEUCHlX4AxygtQ!2e0!3e5?hl=ja"
レンズの変色 ,"https://www.google.com/maps/@54.979696,-4.908126,3a,75y,166.49h,85.72t/data=!3m4!1e1!3m2!1sxLpDged4WFlzY8VVf1h8Vg!2e0?hl=ja"
両岸海,"https://www.google.com/maps/@52.549479,5.435104,3a,75y,28.94h,89.36t/data=!3m4!1e1!3m2!1swf9t4Gumt-r0i16WYlbWZA!2e0?hl=ja"
街頭かっこいい,"https://www.google.com/maps/@52.09889,4.858602,3a,75y,318.43h,77.83t/data=!3m4!1e1!3m2!1sbIk4HwoDOhWvhO8T61AhHg!2e0?hl="
サイクリングロード 両岸海,"https://www.google.com/maps/@52.44155,5.093758,3a,75y,27.86h,86.97t/data=!3m4!1e1!3m2!1sQxzHGcRpuonzuvHieoyJag!2e0?hl=ja"
アフストライトダイクの水門,"https://www.google.com/maps/@52.936631,5.046238,3a,75y,58.07h,85.89t/data=!3m4!1e1!3m2!1ssKBtZTf87AdLsAIu6Hj3Yg!2e0?hl=ja"
羊,"https://www.google.com/maps/place/%E3%83%92%E3%83%BC%E3%82%B9%E3%83%AD%E3%83%BC%E7%A9%BA%E6%B8%AF/@53.413125,6.174064,3a,75y,329.18h,81.03t/data=!3m4!1e1!3m2!1sYwWNtOeV1K2Vi4lVhMXPZw!2e0!4m2!3m1!1s0x48767234cdc56de9:0x8fe7535543f64167?hl=ja"
干拓 水門,"https://www.google.com/maps/@51.601768,3.682392,3a,75y,359.53h,83.44t/data=!3m4!1e1!3m2!1s_3q0v5XkTx-fYmeG7nY1cA!2e0?hl=ja"
干拓,"https://www.google.com/maps/@51.613327,3.89265,3a,75y,233.16h,90.82t/data=!3m4!1e1!3m2!1sAyV4nJkLIS6urIxdI8rQ8g!2e0?hl=ja"
造船所,"https://www.google.com/maps/place/%E3%83%92%E3%83%BC%E3%82%B9%E3%83%AD%E3%83%BC%E7%A9%BA%E6%B8%AF/@51.281641,4.252252,3a,75y,353.63h,85.59t/data=!3m4!1e1!3m2!1sCaGaYweblKvfQuFgE2okWg!2e0!4m2!3m1!1s0x48767234cdc56de9:0x8fe7535543f64167?hl=ja"
造船所と堤防,"https://www.google.com/maps/@51.047533,2.283211,3a,75y,79.35h,89.86t/data=!3m4!1e1!3m2!1seZ9AA9gsQ-0fQfMq0igMOA!2e0?hl=ja"
風車と両岸海,"https://www.google.com/maps/@55.338308,11.007609,3a,75y,277.08h,74.32t/data=!3m4!1e1!3m2!1seFqOs-nLjbAxwj2bJvix3w!2e0?hl=ja"
曲がった道路　,"https://www.google.com/maps/@63.016322,7.344243,3a,75y,84.35h,90t/data=!3m4!1e1!3m2!1sRFw6G1XD8Q7nAydy6ESArw!2e0?hl=ja"
三角い橋,"https://www.google.com/maps/@63.477903,7.993255,3a,75y,12.31h,71.31t/data=!3m4!1e1!3m2!1sg2cze8l8ClhVlcWYlp7o6A!2e0?hl=ja"
台北,"https://www.google.co.jp/maps/@25.077408,121.518596,3a,90y,43.21h,82.25t/data=!3m4!1e1!3m2!1sG8Q6PRgWiE6jhoW6GWPq5w!2e0"
位トンネル,"https://www.google.co.jp/maps/place/%E3%80%92959-1918+%E6%96%B0%E6%BD%9F%E7%9C%8C%E9%98%BF%E8%B3%80%E9%87%8E%E5%B8%82%E7%AC%B9%E5%B2%A1%EF%BC%91%EF%BC%99%EF%BC%95%EF%BC%96/@63.12839,7.683583,3a,75y,267.28h,81.62t/data=!3m4!1e1!3m2!1s2zptLLfBRG9B5EKTOGXWFQ!2e0!4m2!3m1!1s0x5ff4d30c195ccd3f:0x15e1959c19bb787d"
フィヨルド,"https://www.google.co.jp/maps/place/%E3%80%92959-1918+%E6%96%B0%E6%BD%9F%E7%9C%8C%E9%98%BF%E8%B3%80%E9%87%8E%E5%B8%82%E7%AC%B9%E5%B2%A1%EF%BC%91%EF%BC%99%EF%BC%95%EF%BC%96/@62.117253,7.181872,3a,75y,266.16h,79.9t/data=!3m5!1e1!3m3!1saxdcOy5W8GEAAAQfCVLb6g!2e0!3e11!4m2!3m1!1s0x5ff4d30c195ccd3f:0x15e1959c19bb787d"
ジグザグフィヨルド,"https://www.google.co.jp/maps/place/%E3%80%92959-1918+%E6%96%B0%E6%BD%9F%E7%9C%8C%E9%98%BF%E8%B3%80%E9%87%8E%E5%B8%82%E7%AC%B9%E5%B2%A1%EF%BC%91%EF%BC%99%EF%BC%95%EF%BC%96/@62.120559,7.180195,3a,75y,123.3h,68.35t/data=!3m4!1e1!3m2!1saG1YOHQNi4HHQqXLH9KOKQ!2e0!4m2!3m1!1s0x5ff4d30c195ccd3f:0x15e1959c19bb787d"
南米のはじっこ,"https://www.google.co.jp/maps/@-54.424774,-66.558927,3a,75y,332.01h,97.47t/data=!3m4!1e1!3m2!1sIwhkoRn6D73WZe6xlu6pNQ!2e0"
線路と併設,"https://www.google.co.jp/maps/@45.699096,-121.707039,3a,75y,236.67h,93.91t/data=!3m4!1e1!3m2!1skDf4Dv3LjICnpj3HQX_x5w!2e0"
歩道,"https://www.google.co.jp/maps/@22.606083,120.300636,3a,75y,160h,88.09t/data=!3m5!1e1!3m3!1siu4aYVtIfZvNfaA4H-LgTg!2e0!3e5"
パース(全然良くない),"https://www.google.co.jp/maps/@-32.038098,115.800465,3a,75y,160.41h,90t/data=!3m4!1e1!3m2!1scQYvcmZZM5oJs62Z0GF1cQ!2e0"
水滴,"https://www.google.co.jp/maps/@-32.038098,115.800465,3a,75y,160.41h,90t/data=!3m4!1e1!3m2!1scQYvcmZZM5oJs62Z0GF1cQ!2e0"
廃墟と夕日,"https://www.google.co.jp/maps/@34.57264,136.236685,3a,75y,221.83h,78.89t/data=!3m4!1e1!3m2!1sNWUjPdcRj4RZ3gbI09HIqQ!2e0"
廃墟と夕日,"https://www.google.com/maps/place/Hotel+Antiche+Mura/@40.625407,14.376267,3a,75y,277.08h,30.56t/data=!3m4!1e1!3m2!1sC8vZr2DSPMf135DHihoSxQ!2e0!4m2!3m1!1s0x0:0xb1162ce1deb6fe2f?hl=ja"
影,"https://www.google.com/maps/@40.626289,14.375777,3a,75y,92.81h,82.13t/data=!3m4!1e1!3m2!1sE3GQVQqhez3_pS22qzthog!2e0?hl=ja"
影,"https://www.google.com/maps/@40.627455,14.34897,3a,75y,338.67h,12.51t/data=!3m4!1e1!3m2!1syw62oGq6RBf6gDR4XQbnRw!2e0?hl=ja"
穴蔵式神社,"https://www.google.com/maps/@33.225497,130.612333,3a,75y,207.71h,41.79t/data=!3m5!1e1!3m3!1seEoclfjakTwAAAQZN-mgtQ!2e0!3e11?hl=ja"
霧が濃い、特異点もいい,"https://www.google.com/maps/@4.581728,-74.301549,3a,75y,71.23h,29.25t/data=!3m4!1e1!3m2!1slwUQklDSWhGX4Q9q3J4tig!2e0!6m1!1e1?hl=ja"
ブルガリアの有名なはいきょ,"https://www.google.com/maps/place/Buzludzha/@42.735983,25.393852,3a,75y,137.62h,11.9t/data=!3m5!1e1!3m3!1srHkICVdYx0YAAAAGOtZ2vQ!2e0!3e11!4m2!3m1!1s0x0:0x90c9aa019c113773?hl=ja"
,"https://www.google.com/maps/@42.731779,25.392014,3a,75y,226.61h,42.91t/data=!3m4!1e1!3m2!1s6b5_RGXPgynIYKTeOcF2dg!2e0?hl=ja"
山の特異点,"https://www.google.co.jp/maps/@36.01107,138.721855,3a,75y,339.05h,53.35t/data=!3m4!1e1!3m2!1s6DuMdld9jnJ8paetwgj9ow!2e0?hl=ja"
,"https://www.google.co.jp/maps/@36.010709,138.721946,3a,75y,204.8h,34.4t/data=!3m4!1e1!3m2!1sMl6-JsyqJu1RpZFUQeADLw!2e0?hl=ja"
,"https://www.google.co.jp/maps/@36.009399,138.719512,3a,75y,40.61h,42.17t/data=!3m4!1e1!3m2!1s-doGLgyylAnzMQ2BL7VETA!2e0?hl=ja"
上が虹みたい,"https://www.google.co.jp/maps/place/%E7%BE%A4%E9%A6%AC%E7%9C%8C%E5%A4%9A%E9%87%8E%E9%83%A1%E4%B8%8A%E9%87%8E%E6%9D%91/@36.011459,138.721946,3a,75y,262.4h,116.64t/data=!3m4!1e1!3m2!1sDep5MKGHB1H_8ZPuT7hHpg!2e0!4m2!3m1!1s0x601ea01b488a069d:0xe9a7721f031b232f?hl=ja"
特異点も,"https://www.google.co.jp/maps/@36.010756,138.721559,3a,75y,259.14h,68.22t/data=!3m4!1e1!3m2!1sbg4J3Xq5X9Zs-Kboq8pYXQ!2e0?hl=ja"
,"https://www.google.co.jp/maps/place/%E7%BE%A4%E9%A6%AC%E7%9C%8C%E5%A4%9A%E9%87%8E%E9%83%A1%E4%B8%8A%E9%87%8E%E6%9D%91/@36.007478,138.716469,3a,75y,68.44h,22.21t/data=!3m4!1e1!3m2!1sHnZIZnfJwx1wkoQM98S2FQ!2e0!4m2!3m1!1s0x601ea01b488a069d:0xe9a7721f031b232f?hl=ja"
,"https://www.google.co.jp/maps/@36.007764,138.715531,3a,75y,286.17h,60.32t/data=!3m4!1e1!3m2!1sHz_UzgMf3HkdWOQmiNdBUQ!2e0?hl=ja"
山の階段の特異点,"https://www.google.co.jp/maps/place/%E7%BE%A4%E9%A6%AC%E7%9C%8C%E5%A4%9A%E9%87%8E%E9%83%A1%E4%B8%8A%E9%87%8E%E6%9D%91/@36.001558,138.694233,3a,75y,329.74h,41.71t/data=!3m5!1e1!3m3!1sk-O80xL3WX2qOTTkc5zQ9Q!2e0!3e5!4m2!3m1!1s0x601ea01b488a069d:0xe9a7721f031b232f?hl=ja"
葉っぱが近い,"https://www.google.co.jp/maps/@36.001335,138.693172,3a,75y,254.68h,91.2t/data=!3m5!1e1!3m3!1sJc4yX_8-u0AL_gqRYEdDjQ!2e0!3e5?hl=ja"
人と墓。上に上ってく,"https://www.google.co.jp/maps/@36.001656,138.692757,3a,75y,307.1h,87.76t/data=!3m5!1e1!3m3!1sJbjI9D6gjoTtO3wM_ci8DA!2e0!3e5?hl=ja"
頂上辺り,"https://www.google.co.jp/maps/@36.000948,138.693342,3a,75y,218.29h,37.09t/data=!3m5!1e1!3m3!1swkcqfjiUifeeGigpkvpXNA!2e0!3e5?hl=ja"
カーブ,"https://www.google.co.jp/maps/@36.028005,138.820093,3a,75y,309.77h,61.95t/data=!3m4!1e1!3m2!1sEZyE_PlbgX2tEWGz56spaw!2e0?hl=ja"
おじさんがいる,"https://www.google.co.jp/maps/@36.000723,138.808074,3a,75y,155.09h,57.52t/data=!3m4!1e1!3m2!1sZaalHPxXEkC9bCl7Q_a0tg!2e0?hl=ja"
特異点がぐにょぐにょ,"https://www.google.co.jp/maps/@36.001082,138.808609,3a,75y,212.5h,68.31t/data=!3m4!1e1!3m2!1sacgtswllNq_7BBw5MZWTOg!2e0?hl=ja"
怖いトンネル、火事とか特異点,"https://www.google.co.jp/maps/@35.999665,138.816281,3a,75y,59.22h,76.33t/data=!3m4!1e1!3m2!1s-hJ6VTTatDZoDo046r13VA!2e0?hl=ja"
,"https://www.google.co.jp/maps/@36.000022,138.817059,3a,75y,88.13h,86.94t/data=!3m4!1e1!3m2!1sLdNqNRiwvIWbkgIumdmpJw!2e0?hl=ja"
すごい跡,"https://www.google.co.jp/maps/@36.00051,138.818163,3a,75y,27.47h,57.79t/data=!3m4!1e1!3m2!1sVyzxrUcMpp1KMWw3JjIrpQ!2e0?hl=ja"
雪とか跡,"https://www.google.co.jp/maps/@36.000777,138.817437,3a,75y,327.08h,88.65t/data=!3m4!1e1!3m2!1s6yXH5QeJqX-Kq3jiWBaEgQ!2e0?hl=ja"
,"https://www.google.co.jp/maps/@36.003203,138.816619,3a,75y,281.73h,67.39t/data=!3m4!1e1!3m2!1sTleWxiW2ndeN_RIHfVZ23A!2e0?hl=ja"
,"https://www.google.co.jp/maps/@36.003036,138.814971,3a,75y,226.12h,65.35t/data=!3m4!1e1!3m2!1sbrMYAwhdMbEFnHKaQpyoYQ!2e0?hl=ja"
,"https://www.google.co.jp/maps/@36.002841,138.81452,3a,75y,14.48h,48.11t/data=!3m4!1e1!3m2!1s-G9znPWSHZeAeOAVnyY0kg!2e0?hl=ja"
下がくねくね,"https://www.google.com/maps/@45.250245,6.180556,3a,75y,35.22h,56.97t/data=!3m4!1e1!3m2!1sWORBt55giBvYQMLoWgsl6w!2e0?hl=ja"
湖きれいで途中雨振る,"https://www.google.com/maps/@45.22244,6.137411,3a,75y,181.86h,63.29t/data=!3m4!1e1!3m2!1szqVaMusV3TWKBS3X5ByOZw!2e0?hl=ja"
風の谷っぽい,"https://www.google.com/maps/@45.19047,6.10898,3a,75y,308.12h,74.16t/data=!3m4!1e1!3m2!1spWsx4NkmGKTlPRUbrL5qxQ!2e0?hl=ja"
木の影がいい,"https://www.google.com/maps/@35.579156,139.560779,3a,75y,157.76h,73.91t/data=!3m4!1e1!3m2!1sDcPVDJZtN9IySzTgc1pOcQ!2e0?hl=ja"
サクラダ宮殿の中,"https://www.google.es/maps/@37.177043,-3.589302,3a,75y,317.75h,74.1t/data=!3m5!1e1!3m3!1s1qlaYCaN7Cnx2c7SUAyQIQ!2e0!3e5"
瀬戸大橋のてっぺん,"https://www.google.com/maps/@34.382853,133.819175,3a,75y,337.51h,79.74t/data=!3m5!1e1!3m3!1swmn-c_QXVxKmfqqU2IQ_lA!2e0!3e5"
北越新幹線,"https://www.google.com/maps/@35.746143,139.748626,3a,75y,295.46h,80.19t/data=!3m5!1e1!3m3!1sxsPg8iZKM4gAAAQpjAxtTA!2e0!3e5"
三陸を海からストリートビュー,"https://www.google.com/maps/@38.411918,141.331895,3a,75y,315.37h,93.91t/data=!3m5!1e1!3m3!1sUupKlKbk4ObGrQ_RCF7_qg!2e0!3e5"
銭湯,"https://www.google.com/maps/@34.317953,139.215847,3a,75y,148.61h,83.8t/data=!3m5!1e1!3m3!1syLC7TwM8sTa5OkgqjB40lQ!2e0!3e5"
公園（人が写ってる）,"https://www.google.com/maps/@32.878537,131.051635,3a,75y,11.45h,89.82t/data=!3m5!1e1!3m3!1s3wB1M-7XoAVVKbEzcIQkAg!2e0!3e5"
オーロラ,"https://www.google.com/maps/@68.509006,27.481845,3a,75y,334.79h,95.25t/data=!3m5!1e1!3m3!1sGtnAyp0MCbYAAAQZLDcQIA!2e0!3e5"
ベネチア,"https://www.google.com/maps/@45.432805,12.340583,3a,75y,346.69h,99.37t/data=!3m5!1e1!3m3!1sCgDdLMNL25XX9atw3dEZog!2e0!3e5"
海,"https://www.google.com/maps/@-3.825792,-32.396424,3a,90y,322.44h,97.66t/data=!3m5!1e1!3m3!1srfgb-QoM16gAAAQY_-2qjg!2e0!3e2"
夕日オーロラ,"https://www.google.com/maps/@58.783486,-93.243354,3a,75y,230.59h,103.03t/data=!3m5!1e1!3m3!1svcFmzgMKN1oMEnwMpqNLJw!2e0!3e5"
さる温泉,"https://www.google.com/maps/@36.732633,138.462177,3a,75y,122h,90t/data=!3m5!1e1!3m3!1s-_0l0tU3lKz0JtaEsqJk7w!2e0!3e5"
未来,"https://www.google.com/maps/@51.492179,-0.192997,3a,75y,166.96h,78.88t/data=!3m5!1e1!3m3!1sTxi20LPrtZwAAAQIt71HJw!2e0!3e2?hl=en-US"
ラピュタ,"https://www.google.co.jp/maps/@35.287172,139.694901,3a,75y,223.29h,106.94t/data=!3m5!1e1!3m3!1sHqRXTBs9qI0AAAQXRDFF_g!2e0!3e11"
列車,https://www.google.com/maps/views/u/0/view/streetview/swiss-alps/ruegna-tunnel/EawU0HDROf3qs0PUGw82qw?hl=ja&gl&heading=336&pitch=84&fovy=75
地面が割れる,"https://www.google.co.jp/maps/@34.234192,131.299549,3a,75y,313.05h,20.04t/data=!3m5!1e1!3m3!1sFKimAvx2a9uBA3VhTwiLPA!2e0!3e2?hl=ja"
駅ナカ,"https://www.google.com/maps/@36.577453,137.595583,3a,75y,329.27h,94.98t/data=!3m5!1e1!3m3!1suFEVX73pypoKbBgijp9VZQ!2e0!3e2?hl=ja"
トンネル光かっこいい,"https://www.google.co.jp/maps/@34.989049,135.7892,3a,75y,92.97h,38.07t/data=!3m4!1e1!3m2!1saKSzUbocPVV2ix4ysiUBXQ!2e0"
,"https://www.google.co.jp/maps/@34.988794,135.789521,3a,75y,81.57h,63.98t/data=!3m4!1e1!3m2!1snRJej8c1_dCIewKciFd50g!2e0"
トロッコ,"https://www.google.com/maps/@35.018781,135.680092,3a,75y,94.74h,89.85t/data=!3m5!1e1!3m3!1suvKwcaiSJSarjdD4ioiMzA!2e0!3e5"
,"https://www.google.com/maps/@35.018781,135.680092,3a,75y,94.74h,89.85t/data=!3m5!1e1!3m3!1suvKwcaiSJSarjdD4ioiMzA!2e0!3e5"
ライトアップ,"https://www.google.com/maps/@35.054525,135.669681,3a,75y,356.22h,119.69t/data=!3m5!1e1!3m3!1sezYPUfQi1Vv6SPSPgp-kuw!2e0!3e5"
ぐねぐねしてる,"https://www.google.com/maps/@-22.906797,-43.176997,3a,75y,358.87h,79.29t/data=!3m4!1e1!3m2!1slw7X0l27NgQiy1WafeJBTg!2e0?hl=ja"
車の中にいるとか,"https://www.google.co.uk/maps/@22.330748,114.194735,3a,75y,174.91h,115.57t/data=!3m4!1e1!3m2!1se-L2MTTZtVPli2a8Iyp3SA!2e0?hl=en"
,"https://www.google.co.uk/maps/@22.310779,114.170992,3a,90y,63.61h,111.61t/data=!3m4!1e1!3m2!1sK38sjvIIjg-3vJggRajqJA!2e0?hl=en"
景色が変わってる（建物とか）魚と一緒と,"https://www.google.com/maps/@-33.893774,151.282125,3a,75y,358.99h,78.09t/data=!3m5!1e1!3m3!1sHQSORBv7gGwAAAQYfefWPA!2e0!3e5"
,"https://www.google.com/maps/@-33.838753,151.279003,3a,75y,132.2h,95.26t/data=!3m5!1e1!3m3!1sUkMOWxk8uOwAAAQYn9E0Tw!2e0!3e5"
場所移動しないとか,"https://www.google.com/maps/@-1.216466,-90.42215,3a,75y,332.02h,97.74t/data=!3m5!1e1!3m3!1sCf5AJUX1sxsAAAQIuALnuA!2e0!3e5"
黄色をinou,"https://www.google.co.jp/maps/@55.797619,-97.861073,3a,75y,20.76h,55.8t/data=!3m5!1e1!3m3!1s09jmmz_mmMoAAAQZV5OgcQ!2e0!3e11"
海の中の人,"https://www.google.co.jp/maps/place/21%C2%B011'59.4%22N+86%C2%B042'45.4%22W/@21.199842,-86.712599,3a,75y,323.4h,83.05t/data=!3m5!1e1!3m3!1sQPNUdkqVdI0AAAQJPmw-Qw!2e0!3e11!4m2!3m1!1s0x0:0x0"
料亭,"https://www.google.co.jp/maps/search/googlemaps/@35.658238,139.697087,3a,75y,206.66h,76.36t/data=!3m5!1e1!3m3!1ssomBjFz0hlCWKkG6_YlUhw!2e0!3e2"
景品の手ぬぐいを運ぶおっさん,"https://www.google.com/maps/@35.653174,139.691483,3a,75y,142.21h,59.07t/data=!3m4!1e1!3m2!1s0B7sXkfPvyfC9QRjCAA_Hw!2e0?hl=ja"
特異点を掃除するおばちゃん,"https://www.google.co.jp/maps/@35.700297,139.770169,3a,75y,72h,62.79t/data=!3m4!1e1!3m2!1sjnHtw_0w5d9rXG3Xr7PHcg!2e0 "